[{"pk": 1, "model": "contenttypes.contenttype", "fields": {"model": "logentry", "app_label": "admin"}}, {"pk": 2, "model": "contenttypes.contenttype", "fields": {"model": "permission", "app_label": "auth"}}, {"pk": 3, "model": "contenttypes.contenttype", "fields": {"model": "group", "app_label": "auth"}}, {"pk": 4, "model": "contenttypes.contenttype", "fields": {"model": "user", "app_label": "auth"}}, {"pk": 5, "model": "contenttypes.contenttype", "fields": {"model": "contenttype", "app_label": "contenttypes"}}, {"pk": 6, "model": "contenttypes.contenttype", "fields": {"model": "session", "app_label": "sessions"}}, {"pk": 7, "model": "contenttypes.contenttype", "fields": {"model": "party", "app_label": "hmhmod"}}, {"pk": 8, "model": "contenttypes.contenttype", "fields": {"model": "candidate", "app_label": "hmhmod"}}, {"pk": 9, "model": "contenttypes.contenttype", "fields": {"model": "issue", "app_label": "hmhmod"}}, {"pk": 10, "model": "contenttypes.contenttype", "fields": {"model": "opinion", "app_label": "hmhmod"}}, {"pk": 2, "model": "hmhmod.party", "fields": {"name": "Republican"}}, {"pk": 3, "model": "hmhmod.party", "fields": {"name": "Democratic"}}, {"pk": 17, "model": "hmhmod.candidate", "fields": {"last_name": "Chafee", "party": 3, "first_name": "Lincoln"}}, {"pk": 18, "model": "hmhmod.candidate", "fields": {"last_name": "Clinton", "party": 3, "first_name": "Hillary"}}, {"pk": 19, "model": "hmhmod.candidate", "fields": {"last_name": "O'Malley", "party": 3, "first_name": "Martin"}}, {"pk": 20, "model": "hmhmod.candidate", "fields": {"last_name": "Sanders", "party": 3, "first_name": "Bernie"}}, {"pk": 21, "model": "hmhmod.candidate", "fields": {"last_name": "Webb", "party": 3, "first_name": "Jim"}}, {"pk": 22, "model": "hmhmod.candidate", "fields": {"last_name": "Bush", "party": 2, "first_name": "Jeb"}}, {"pk": 23, "model": "hmhmod.candidate", "fields": {"last_name": "Rubio", "party": 2, "first_name": "Marco"}}, {"pk": 24, "model": "hmhmod.candidate", "fields": {"last_name": "Walker", "party": 2, "first_name": "Scott"}}, {"pk": 26, "model": "hmhmod.candidate", "fields": {"last_name": "Carson", "party": 2, "first_name": "Ben"}}, {"pk": 27, "model": "hmhmod.candidate", "fields": {"last_name": "Paul", "party": 2, "first_name": "Rand"}}, {"pk": 28, "model": "hmhmod.candidate", "fields": {"last_name": "Huckabee", "party": 2, "first_name": "Mike"}}, {"pk": 29, "model": "hmhmod.candidate", "fields": {"last_name": "Cruz", "party": 2, "first_name": "Ted"}}, {"pk": 2, "model": "hmhmod.issue", "fields": {"description": "Issue of regulating and labeling GMO products.", "short_desc": "GMO"}}, {"pk": 3, "model": "hmhmod.issue", "fields": {"description": "Issue of same-sex, transgender and bisexual relationships.", "short_desc": "LGBT"}}, {"pk": 4, "model": "hmhmod.issue", "fields": {"description": "Debate on whether companies should employ a certain quote of women/minorities.", "short_desc": "Women/Minorities job equality"}}, {"pk": 5, "model": "hmhmod.issue", "fields": {"description": "The issue of capitol punishment.", "short_desc": "Death penalty"}}, {"pk": 6, "model": "hmhmod.issue", "fields": {"description": "The issue of focusing on renewable energy.", "short_desc": "Green energy"}}, {"pk": 7, "model": "hmhmod.issue", "fields": {"description": "The issue of expanding the military.", "short_desc": "Military"}}, {"pk": 8, "model": "hmhmod.issue", "fields": {"description": "The issue of government sponsored health care as opposed to capitalism driven health care system.", "short_desc": "Health care"}}, {"pk": 9, "model": "hmhmod.issue", "fields": {"description": "Pro-choice against pro-life in certain circumstances. ", "short_desc": "Abortion"}}, {"pk": 10, "model": "hmhmod.issue", "fields": {"description": "Pathway to citizenship for illegal aliens", "short_desc": "Immigration"}}, {"pk": 12, "model": "hmhmod.issue", "fields": {"description": "The issue of regulating carbon emissions in order to slow global warming.", "short_desc": "Climate Change"}}, {"pk": 13, "model": "hmhmod.issue", "fields": {"description": "The issue of regulating and allowing medicinal/recreational use of marijuana.", "short_desc": "Marijuana legalization"}}, {"pk": 14, "model": "hmhmod.issue", "fields": {"description": "Military", "short_desc": "Military"}}, {"pk": 15, "model": "hmhmod.issue", "fields": {"description": "The issue of controlling the purchase and ownership of guns.", "short_desc": "Gun control"}}, {"pk": 3, "model": "hmhmod.opinion", "fields": {"issue": 2, "candidate": 17, "value": 0}}, {"pk": 4, "model": "hmhmod.opinion", "fields": {"issue": 3, "candidate": 17, "value": 2}}, {"pk": 5, "model": "hmhmod.opinion", "fields": {"issue": 8, "candidate": 17, "value": 0}}, {"pk": 6, "model": "hmhmod.opinion", "fields": {"issue": 9, "candidate": 17, "value": 2}}, {"pk": 7, "model": "hmhmod.opinion", "fields": {"issue": 10, "candidate": 17, "value": 1}}, {"pk": 8, "model": "hmhmod.opinion", "fields": {"issue": 4, "candidate": 17, "value": 2}}, {"pk": 9, "model": "hmhmod.opinion", "fields": {"issue": 5, "candidate": 17, "value": -2}}, {"pk": 10, "model": "hmhmod.opinion", "fields": {"issue": 12, "candidate": 17, "value": 2}}, {"pk": 11, "model": "hmhmod.opinion", "fields": {"issue": 13, "candidate": 17, "value": 0}}, {"pk": 12, "model": "hmhmod.opinion", "fields": {"issue": 15, "candidate": 17, "value": 2}}, {"pk": 13, "model": "hmhmod.opinion", "fields": {"issue": 6, "candidate": 17, "value": 2}}, {"pk": 14, "model": "hmhmod.opinion", "fields": {"issue": 14, "candidate": 17, "value": 1}}, {"pk": 15, "model": "hmhmod.opinion", "fields": {"issue": 2, "candidate": 18, "value": -1}}, {"pk": 16, "model": "hmhmod.opinion", "fields": {"issue": 3, "candidate": 18, "value": 2}}, {"pk": 17, "model": "hmhmod.opinion", "fields": {"issue": 8, "candidate": 18, "value": 0}}, {"pk": 18, "model": "hmhmod.opinion", "fields": {"issue": 9, "candidate": 18, "value": 2}}, {"pk": 19, "model": "hmhmod.opinion", "fields": {"issue": 10, "candidate": 18, "value": 1}}, {"pk": 20, "model": "hmhmod.opinion", "fields": {"issue": 4, "candidate": 18, "value": 2}}, {"pk": 21, "model": "hmhmod.opinion", "fields": {"issue": 5, "candidate": 18, "value": 2}}, {"pk": 22, "model": "hmhmod.opinion", "fields": {"issue": 12, "candidate": 18, "value": 2}}, {"pk": 23, "model": "hmhmod.opinion", "fields": {"issue": 13, "candidate": 18, "value": -2}}, {"pk": 24, "model": "hmhmod.opinion", "fields": {"issue": 15, "candidate": 18, "value": 1}}, {"pk": 25, "model": "hmhmod.opinion", "fields": {"issue": 6, "candidate": 18, "value": 2}}, {"pk": 26, "model": "hmhmod.opinion", "fields": {"issue": 14, "candidate": 18, "value": -1}}, {"pk": 27, "model": "hmhmod.opinion", "fields": {"issue": 2, "candidate": 19, "value": 0}}, {"pk": 28, "model": "hmhmod.opinion", "fields": {"issue": 3, "candidate": 19, "value": 2}}, {"pk": 29, "model": "hmhmod.opinion", "fields": {"issue": 8, "candidate": 19, "value": 0}}, {"pk": 30, "model": "hmhmod.opinion", "fields": {"issue": 9, "candidate": 19, "value": 1}}, {"pk": 31, "model": "hmhmod.opinion", "fields": {"issue": 10, "candidate": 19, "value": 2}}, {"pk": 32, "model": "hmhmod.opinion", "fields": {"issue": 4, "candidate": 19, "value": 1}}, {"pk": 33, "model": "hmhmod.opinion", "fields": {"issue": 5, "candidate": 19, "value": -1}}, {"pk": 34, "model": "hmhmod.opinion", "fields": {"issue": 12, "candidate": 19, "value": 2}}, {"pk": 35, "model": "hmhmod.opinion", "fields": {"issue": 13, "candidate": 19, "value": 2}}, {"pk": 36, "model": "hmhmod.opinion", "fields": {"issue": 15, "candidate": 19, "value": 2}}, {"pk": 37, "model": "hmhmod.opinion", "fields": {"issue": 6, "candidate": 19, "value": 1}}, {"pk": 38, "model": "hmhmod.opinion", "fields": {"issue": 14, "candidate": 19, "value": 1}}, {"pk": 39, "model": "hmhmod.opinion", "fields": {"issue": 2, "candidate": 20, "value": 2}}, {"pk": 40, "model": "hmhmod.opinion", "fields": {"issue": 3, "candidate": 20, "value": 2}}, {"pk": 41, "model": "hmhmod.opinion", "fields": {"issue": 8, "candidate": 20, "value": 0}}, {"pk": 42, "model": "hmhmod.opinion", "fields": {"issue": 9, "candidate": 20, "value": 2}}, {"pk": 43, "model": "hmhmod.opinion", "fields": {"issue": 10, "candidate": 20, "value": 1}}, {"pk": 44, "model": "hmhmod.opinion", "fields": {"issue": 4, "candidate": 20, "value": 2}}, {"pk": 45, "model": "hmhmod.opinion", "fields": {"issue": 5, "candidate": 20, "value": -2}}, {"pk": 46, "model": "hmhmod.opinion", "fields": {"issue": 12, "candidate": 20, "value": 2}}, {"pk": 47, "model": "hmhmod.opinion", "fields": {"issue": 13, "candidate": 20, "value": 0}}, {"pk": 48, "model": "hmhmod.opinion", "fields": {"issue": 15, "candidate": 20, "value": -2}}, {"pk": 49, "model": "hmhmod.opinion", "fields": {"issue": 6, "candidate": 20, "value": 2}}, {"pk": 50, "model": "hmhmod.opinion", "fields": {"issue": 14, "candidate": 20, "value": -1}}, {"pk": 51, "model": "hmhmod.opinion", "fields": {"issue": 2, "candidate": 21, "value": 0}}, {"pk": 52, "model": "hmhmod.opinion", "fields": {"issue": 3, "candidate": 21, "value": 1}}, {"pk": 53, "model": "hmhmod.opinion", "fields": {"issue": 8, "candidate": 20, "value": 0}}, {"pk": 54, "model": "hmhmod.opinion", "fields": {"issue": 9, "candidate": 21, "value": 2}}, {"pk": 55, "model": "hmhmod.opinion", "fields": {"issue": 10, "candidate": 21, "value": 2}}, {"pk": 56, "model": "hmhmod.opinion", "fields": {"issue": 4, "candidate": 21, "value": 1}}, {"pk": 57, "model": "hmhmod.opinion", "fields": {"issue": 5, "candidate": 21, "value": -1}}, {"pk": 58, "model": "hmhmod.opinion", "fields": {"issue": 12, "candidate": 21, "value": -1}}, {"pk": 59, "model": "hmhmod.opinion", "fields": {"issue": 13, "candidate": 21, "value": 2}}, {"pk": 60, "model": "hmhmod.opinion", "fields": {"issue": 15, "candidate": 21, "value": -2}}, {"pk": 61, "model": "hmhmod.opinion", "fields": {"issue": 6, "candidate": 21, "value": 1}}, {"pk": 62, "model": "hmhmod.opinion", "fields": {"issue": 14, "candidate": 21, "value": 1}}, {"pk": 63, "model": "hmhmod.opinion", "fields": {"issue": 2, "candidate": 22, "value": -2}}, {"pk": 64, "model": "hmhmod.opinion", "fields": {"issue": 3, "candidate": 22, "value": 1}}, {"pk": 65, "model": "hmhmod.opinion", "fields": {"issue": 8, "candidate": 22, "value": 0}}, {"pk": 66, "model": "hmhmod.opinion", "fields": {"issue": 9, "candidate": 22, "value": -2}}, {"pk": 67, "model": "hmhmod.opinion", "fields": {"issue": 10, "candidate": 22, "value": 1}}, {"pk": 68, "model": "hmhmod.opinion", "fields": {"issue": 4, "candidate": 22, "value": -1}}, {"pk": 69, "model": "hmhmod.opinion", "fields": {"issue": 5, "candidate": 22, "value": 2}}, {"pk": 70, "model": "hmhmod.opinion", "fields": {"issue": 12, "candidate": 22, "value": -1}}, {"pk": 71, "model": "hmhmod.opinion", "fields": {"issue": 13, "candidate": 22, "value": -2}}, {"pk": 72, "model": "hmhmod.opinion", "fields": {"issue": 15, "candidate": 22, "value": -1}}, {"pk": 73, "model": "hmhmod.opinion", "fields": {"issue": 6, "candidate": 22, "value": -1}}, {"pk": 74, "model": "hmhmod.opinion", "fields": {"issue": 14, "candidate": 22, "value": 2}}, {"pk": 75, "model": "hmhmod.opinion", "fields": {"issue": 2, "candidate": 23, "value": 0}}, {"pk": 76, "model": "hmhmod.opinion", "fields": {"issue": 3, "candidate": 23, "value": 0}}, {"pk": 77, "model": "hmhmod.opinion", "fields": {"issue": 8, "candidate": 23, "value": 0}}, {"pk": 78, "model": "hmhmod.opinion", "fields": {"issue": 9, "candidate": 23, "value": 2}}, {"pk": 79, "model": "hmhmod.opinion", "fields": {"issue": 10, "candidate": 23, "value": -1}}, {"pk": 80, "model": "hmhmod.opinion", "fields": {"issue": 4, "candidate": 23, "value": -1}}, {"pk": 81, "model": "hmhmod.opinion", "fields": {"issue": 5, "candidate": 23, "value": 2}}, {"pk": 82, "model": "hmhmod.opinion", "fields": {"issue": 12, "candidate": 23, "value": -2}}, {"pk": 83, "model": "hmhmod.opinion", "fields": {"issue": 13, "candidate": 23, "value": -2}}, {"pk": 84, "model": "hmhmod.opinion", "fields": {"issue": 15, "candidate": 23, "value": -2}}, {"pk": 85, "model": "hmhmod.opinion", "fields": {"issue": 6, "candidate": 23, "value": -2}}, {"pk": 86, "model": "hmhmod.opinion", "fields": {"issue": 14, "candidate": 23, "value": 2}}, {"pk": 99, "model": "hmhmod.opinion", "fields": {"issue": 2, "candidate": 24, "value": -2}}, {"pk": 100, "model": "hmhmod.opinion", "fields": {"issue": 3, "candidate": 24, "value": 0}}, {"pk": 101, "model": "hmhmod.opinion", "fields": {"issue": 8, "candidate": 24, "value": 0}}, {"pk": 102, "model": "hmhmod.opinion", "fields": {"issue": 9, "candidate": 24, "value": -1}}, {"pk": 103, "model": "hmhmod.opinion", "fields": {"issue": 10, "candidate": 24, "value": -1}}, {"pk": 104, "model": "hmhmod.opinion", "fields": {"issue": 4, "candidate": 24, "value": 1}}, {"pk": 105, "model": "hmhmod.opinion", "fields": {"issue": 5, "candidate": 24, "value": 2}}, {"pk": 106, "model": "hmhmod.opinion", "fields": {"issue": 12, "candidate": 24, "value": -2}}, {"pk": 107, "model": "hmhmod.opinion", "fields": {"issue": 13, "candidate": 24, "value": -2}}, {"pk": 108, "model": "hmhmod.opinion", "fields": {"issue": 15, "candidate": 24, "value": -2}}, {"pk": 109, "model": "hmhmod.opinion", "fields": {"issue": 6, "candidate": 24, "value": -2}}, {"pk": 110, "model": "hmhmod.opinion", "fields": {"issue": 14, "candidate": 24, "value": 2}}, {"pk": 111, "model": "hmhmod.opinion", "fields": {"issue": 2, "candidate": 26, "value": 0}}, {"pk": 112, "model": "hmhmod.opinion", "fields": {"issue": 3, "candidate": 26, "value": -2}}, {"pk": 113, "model": "hmhmod.opinion", "fields": {"issue": 8, "candidate": 26, "value": 0}}, {"pk": 114, "model": "hmhmod.opinion", "fields": {"issue": 9, "candidate": 26, "value": 0}}, {"pk": 115, "model": "hmhmod.opinion", "fields": {"issue": 10, "candidate": 26, "value": -2}}, {"pk": 116, "model": "hmhmod.opinion", "fields": {"issue": 4, "candidate": 26, "value": -1}}, {"pk": 117, "model": "hmhmod.opinion", "fields": {"issue": 5, "candidate": 26, "value": 0}}, {"pk": 118, "model": "hmhmod.opinion", "fields": {"issue": 12, "candidate": 26, "value": -1}}, {"pk": 119, "model": "hmhmod.opinion", "fields": {"issue": 13, "candidate": 26, "value": -1}}, {"pk": 120, "model": "hmhmod.opinion", "fields": {"issue": 15, "candidate": 26, "value": -2}}, {"pk": 121, "model": "hmhmod.opinion", "fields": {"issue": 6, "candidate": 26, "value": -1}}, {"pk": 122, "model": "hmhmod.opinion", "fields": {"issue": 14, "candidate": 26, "value": 1}}, {"pk": 123, "model": "hmhmod.opinion", "fields": {"issue": 2, "candidate": 27, "value": 0}}, {"pk": 124, "model": "hmhmod.opinion", "fields": {"issue": 3, "candidate": 27, "value": -1}}, {"pk": 125, "model": "hmhmod.opinion", "fields": {"issue": 8, "candidate": 27, "value": 0}}, {"pk": 126, "model": "hmhmod.opinion", "fields": {"issue": 9, "candidate": 27, "value": -2}}, {"pk": 127, "model": "hmhmod.opinion", "fields": {"issue": 10, "candidate": 27, "value": 1}}, {"pk": 128, "model": "hmhmod.opinion", "fields": {"issue": 4, "candidate": 27, "value": -1}}, {"pk": 129, "model": "hmhmod.opinion", "fields": {"issue": 5, "candidate": 27, "value": -1}}, {"pk": 130, "model": "hmhmod.opinion", "fields": {"issue": 12, "candidate": 27, "value": 0}}, {"pk": 131, "model": "hmhmod.opinion", "fields": {"issue": 13, "candidate": 27, "value": -2}}, {"pk": 132, "model": "hmhmod.opinion", "fields": {"issue": 15, "candidate": 27, "value": -2}}, {"pk": 133, "model": "hmhmod.opinion", "fields": {"issue": 6, "candidate": 27, "value": -2}}, {"pk": 134, "model": "hmhmod.opinion", "fields": {"issue": 14, "candidate": 27, "value": -1}}, {"pk": 147, "model": "hmhmod.opinion", "fields": {"issue": 2, "candidate": 28, "value": -2}}, {"pk": 148, "model": "hmhmod.opinion", "fields": {"issue": 3, "candidate": 28, "value": -1}}, {"pk": 149, "model": "hmhmod.opinion", "fields": {"issue": 8, "candidate": 28, "value": 0}}, {"pk": 150, "model": "hmhmod.opinion", "fields": {"issue": 9, "candidate": 28, "value": 0}}, {"pk": 151, "model": "hmhmod.opinion", "fields": {"issue": 10, "candidate": 28, "value": -2}}, {"pk": 152, "model": "hmhmod.opinion", "fields": {"issue": 4, "candidate": 28, "value": -2}}, {"pk": 153, "model": "hmhmod.opinion", "fields": {"issue": 5, "candidate": 28, "value": 2}}, {"pk": 154, "model": "hmhmod.opinion", "fields": {"issue": 12, "candidate": 28, "value": -1}}, {"pk": 155, "model": "hmhmod.opinion", "fields": {"issue": 13, "candidate": 28, "value": -1}}, {"pk": 156, "model": "hmhmod.opinion", "fields": {"issue": 15, "candidate": 28, "value": -1}}, {"pk": 157, "model": "hmhmod.opinion", "fields": {"issue": 6, "candidate": 28, "value": -1}}, {"pk": 158, "model": "hmhmod.opinion", "fields": {"issue": 14, "candidate": 28, "value": -1}}, {"pk": 159, "model": "hmhmod.opinion", "fields": {"issue": 2, "candidate": 29, "value": -1}}, {"pk": 160, "model": "hmhmod.opinion", "fields": {"issue": 3, "candidate": 29, "value": -2}}, {"pk": 161, "model": "hmhmod.opinion", "fields": {"issue": 8, "candidate": 29, "value": 0}}, {"pk": 162, "model": "hmhmod.opinion", "fields": {"issue": 9, "candidate": 29, "value": -2}}, {"pk": 163, "model": "hmhmod.opinion", "fields": {"issue": 10, "candidate": 29, "value": -2}}, {"pk": 164, "model": "hmhmod.opinion", "fields": {"issue": 4, "candidate": 29, "value": 0}}, {"pk": 165, "model": "hmhmod.opinion", "fields": {"issue": 5, "candidate": 29, "value": 2}}, {"pk": 166, "model": "hmhmod.opinion", "fields": {"issue": 12, "candidate": 29, "value": -2}}, {"pk": 167, "model": "hmhmod.opinion", "fields": {"issue": 13, "candidate": 29, "value": 0}}, {"pk": 168, "model": "hmhmod.opinion", "fields": {"issue": 15, "candidate": 29, "value": -2}}, {"pk": 169, "model": "hmhmod.opinion", "fields": {"issue": 6, "candidate": 29, "value": -2}}, {"pk": 170, "model": "hmhmod.opinion", "fields": {"issue": 14, "candidate": 29, "value": 2}}, {"pk": 1, "model": "auth.permission", "fields": {"content_type": 1, "name": "Can add log entry", "codename": "add_logentry"}}, {"pk": 2, "model": "auth.permission", "fields": {"content_type": 1, "name": "Can change log entry", "codename": "change_logentry"}}, {"pk": 3, "model": "auth.permission", "fields": {"content_type": 1, "name": "Can delete log entry", "codename": "delete_logentry"}}, {"pk": 4, "model": "auth.permission", "fields": {"content_type": 2, "name": "Can add permission", "codename": "add_permission"}}, {"pk": 5, "model": "auth.permission", "fields": {"content_type": 2, "name": "Can change permission", "codename": "change_permission"}}, {"pk": 6, "model": "auth.permission", "fields": {"content_type": 2, "name": "Can delete permission", "codename": "delete_permission"}}, {"pk": 7, "model": "auth.permission", "fields": {"content_type": 3, "name": "Can add group", "codename": "add_group"}}, {"pk": 8, "model": "auth.permission", "fields": {"content_type": 3, "name": "Can change group", "codename": "change_group"}}, {"pk": 9, "model": "auth.permission", "fields": {"content_type": 3, "name": "Can delete group", "codename": "delete_group"}}, {"pk": 10, "model": "auth.permission", "fields": {"content_type": 4, "name": "Can add user", "codename": "add_user"}}, {"pk": 11, "model": "auth.permission", "fields": {"content_type": 4, "name": "Can change user", "codename": "change_user"}}, {"pk": 12, "model": "auth.permission", "fields": {"content_type": 4, "name": "Can delete user", "codename": "delete_user"}}, {"pk": 13, "model": "auth.permission", "fields": {"content_type": 5, "name": "Can add content type", "codename": "add_contenttype"}}, {"pk": 14, "model": "auth.permission", "fields": {"content_type": 5, "name": "Can change content type", "codename": "change_contenttype"}}, {"pk": 15, "model": "auth.permission", "fields": {"content_type": 5, "name": "Can delete content type", "codename": "delete_contenttype"}}, {"pk": 16, "model": "auth.permission", "fields": {"content_type": 6, "name": "Can add session", "codename": "add_session"}}, {"pk": 17, "model": "auth.permission", "fields": {"content_type": 6, "name": "Can change session", "codename": "change_session"}}, {"pk": 18, "model": "auth.permission", "fields": {"content_type": 6, "name": "Can delete session", "codename": "delete_session"}}, {"pk": 19, "model": "auth.permission", "fields": {"content_type": 7, "name": "Can add party", "codename": "add_party"}}, {"pk": 20, "model": "auth.permission", "fields": {"content_type": 7, "name": "Can change party", "codename": "change_party"}}, {"pk": 21, "model": "auth.permission", "fields": {"content_type": 7, "name": "Can delete party", "codename": "delete_party"}}, {"pk": 22, "model": "auth.permission", "fields": {"content_type": 8, "name": "Can add candidate", "codename": "add_candidate"}}, {"pk": 23, "model": "auth.permission", "fields": {"content_type": 8, "name": "Can change candidate", "codename": "change_candidate"}}, {"pk": 24, "model": "auth.permission", "fields": {"content_type": 8, "name": "Can delete candidate", "codename": "delete_candidate"}}, {"pk": 25, "model": "auth.permission", "fields": {"content_type": 9, "name": "Can add issue", "codename": "add_issue"}}, {"pk": 26, "model": "auth.permission", "fields": {"content_type": 9, "name": "Can change issue", "codename": "change_issue"}}, {"pk": 27, "model": "auth.permission", "fields": {"content_type": 9, "name": "Can delete issue", "codename": "delete_issue"}}, {"pk": 28, "model": "auth.permission", "fields": {"content_type": 10, "name": "Can add opinion", "codename": "add_opinion"}}, {"pk": 29, "model": "auth.permission", "fields": {"content_type": 10, "name": "Can change opinion", "codename": "change_opinion"}}, {"pk": 30, "model": "auth.permission", "fields": {"content_type": 10, "name": "Can delete opinion", "codename": "delete_opinion"}}]