[{"model": "contenttypes.contenttype", "pk": 1, "fields": {"model": "logentry", "app_label": "admin"}}, {"model": "contenttypes.contenttype", "pk": 2, "fields": {"model": "permission", "app_label": "auth"}}, {"model": "contenttypes.contenttype", "pk": 3, "fields": {"model": "group", "app_label": "auth"}}, {"model": "contenttypes.contenttype", "pk": 4, "fields": {"model": "user", "app_label": "auth"}}, {"model": "contenttypes.contenttype", "pk": 5, "fields": {"model": "contenttype", "app_label": "contenttypes"}}, {"model": "contenttypes.contenttype", "pk": 6, "fields": {"model": "session", "app_label": "sessions"}}, {"model": "contenttypes.contenttype", "pk": 7, "fields": {"model": "party", "app_label": "hmhmod"}}, {"model": "contenttypes.contenttype", "pk": 8, "fields": {"model": "candidate", "app_label": "hmhmod"}}, {"model": "contenttypes.contenttype", "pk": 9, "fields": {"model": "issue", "app_label": "hmhmod"}}, {"model": "contenttypes.contenttype", "pk": 10, "fields": {"model": "opinion", "app_label": "hmhmod"}}, {"model": "contenttypes.contenttype", "pk": 11, "fields": {"model": "charity", "app_label": "hmhmod"}}, {"model": "sessions.session", "pk": "vtugvn4dp9aab4630dg4xl7xvlbiy5cp", "fields": {"expire_date": "2015-07-25T15:42:12.575Z", "session_data": "ZjNiZWYxZWJjMjJjYzgyYjg3MDk0N2RmMDBkZmUyM2RiYWY5MWVlODp7Il9hdXRoX3VzZXJfaWQiOiIxIiwiX2F1dGhfdXNlcl9iYWNrZW5kIjoiZGphbmdvLmNvbnRyaWIuYXV0aC5iYWNrZW5kcy5Nb2RlbEJhY2tlbmQiLCJfYXV0aF91c2VyX2hhc2giOiI2ZjRhMGM5NWNjMDdkOGM5OTViMjA5ZWEzMTAxMTE4ODA3MmE5MmY4In0="}}, {"model": "sessions.session", "pk": "w28swwjqa7metqhzygvjv49ozeky2e23", "fields": {"expire_date": "2015-07-25T15:42:29.583Z", "session_data": "ZjNiZWYxZWJjMjJjYzgyYjg3MDk0N2RmMDBkZmUyM2RiYWY5MWVlODp7Il9hdXRoX3VzZXJfaWQiOiIxIiwiX2F1dGhfdXNlcl9iYWNrZW5kIjoiZGphbmdvLmNvbnRyaWIuYXV0aC5iYWNrZW5kcy5Nb2RlbEJhY2tlbmQiLCJfYXV0aF91c2VyX2hhc2giOiI2ZjRhMGM5NWNjMDdkOGM5OTViMjA5ZWEzMTAxMTE4ODA3MmE5MmY4In0="}}, {"model": "hmhmod.party", "pk": 2, "fields": {"name": "Republican"}}, {"model": "hmhmod.party", "pk": 3, "fields": {"name": "Democratic"}}, {"model": "hmhmod.candidate", "pk": 17, "fields": {"img_url": "http://static.businessinsider.com/image/51c9f21869bedd430300000b-400/image.jpg", "description": "Lincoln Davenport Chafee, born March 26, 1953, is an American politician from Rhode Island who has served as the Mayor of Warwick (1993\u20131999), a U.S. Senator (1999\u20132007) and as the 74th Governor of Rhode Island (2011\u20132015).", "first_name": "Lincoln", "last_name": "Chafee", "party": 3}}, {"model": "hmhmod.candidate", "pk": 18, "fields": {"img_url": "http://img.wonkette.com/wp-content/uploads/2014/11/President_Hillary_Clinton-403x514.jpg", "description": "Hillary Clinton was born on October 26, 1947, in Chicago, Illinois. She married Bill Clinton in 1975. She served as first lady from 1993 to 2001, and then as a U.S. senator from 2001 to 2009. In early 2007, Clinton announced her plans to run for the presidency. During the 2008 Democratic primaries, she conceded her nomination when it became apparent that Barack Obama held a majority of the delegate vote. After winning the national election, Obama appointed Clinton as secretary of state. She was sworn in January 2009 and served in that position until 2013. In the spring of 2015, she announced her plans to again run for the U.S. presidency.", "first_name": "Hillary", "last_name": "Clinton", "party": 3}}, {"model": "hmhmod.candidate", "pk": 19, "fields": {"img_url": "https://perrystreetpalace.files.wordpress.com/2014/01/omalley2.png", "description": "Martin Joseph O'Malley, born January 18, 1963, is an American politician who served as the 61st Governor of Maryland, from 2007 to 2015. Prior to being elected as Governor, he served as the Mayor of Baltimore from 1999 to 2007, having previously served as a Baltimore City Councilor from 1991 to 1999. A member of the Democratic Party, he served as the Chair of the Democratic Governors Association from 2011 to 2013. O'Malley publicly announced his candidacy for the 2016 presidential election on May 30, 2015, in Baltimore, Maryland, and filed his candidacy form seeking the Democratic Party nomination with the Federal Election Commission on May 29, 2015.", "first_name": "Martin", "last_name": "O'Malley", "party": 3}}, {"model": "hmhmod.candidate", "pk": 20, "fields": {"img_url": "http://www.chicagodsa.org/Bernie_Sanders.jpg", "description": "Born in 1941, politician Bernie Sanders started out his career as the mayor of Burlington, Vermont. He served four terms as the leader of Vermont's biggest city from 1981 to 1989. Sanders then moved on to the national political arena by winning a seat in the House of Representatives. From 1991 to 2007, he distinguished himself as one of the country's few independent legislators. In 2007, Sanders won election to the U.S. Senate and was reelected in 2012. He announced his plans to run for the Democratic presidential nomination in 2015.", "first_name": "Bernie", "last_name": "Sanders", "party": 3}}, {"model": "hmhmod.candidate", "pk": 21, "fields": {"img_url": "http://www-tc.pbs.org/wnet/tavissmiley/files/2012/01/jimwebb.jpg", "description": "James Henry \"Jim\" Webb, Jr., born February 9, 1946, is an American politician and author. He has served as a United States Senator from Virginia, Secretary of the Navy, Assistant Secretary of Defense, Counsel for the House Veterans Affairs Committee, and Marine Corps officer. In the private sector he has been an Emmy-award winning journalist, a filmmaker, and the author of ten books. In addition, he taught literature at the United States Naval Academy and was a Fellow at the Harvard Institute of Politics. As a member of the Democratic Party, Webb announced on November 19, 2014, that he was forming an exploratory committee to evaluate a run for President of the United States in 2016. On July 2, 2015, he announced that he would be joining the race for the Democratic nomination for President.", "first_name": "Jim", "last_name": "Webb", "party": 3}}, {"model": "hmhmod.candidate", "pk": 22, "fields": {"img_url": "https://upload.wikimedia.org/wikipedia/commons/thumb/e/e4/Jeb_Bush_by_Gage_Skidmore.jpg/402px-Jeb_Bush_by_Gage_Skidmore.jpg", "description": "Born on February 11, 1953, in Midland, Texas, Jeb Bush is the son of George Bush, the 41st U.S. president, and the brother of George W. Bush, the 43rd U.S. president. Jeb Bush moved up the ranks in Florida politics in the 1980s and '90s before securing the state's governorship in 1998. The Republican remained as Florida's governor until 2007. The following year, many speculated that he'd run for the U.S. Senate, but that did not occur. In June 2015, Bush announced his run for the U.S. presidency.", "first_name": "Jeb", "last_name": "Bush", "party": 2}}, {"model": "hmhmod.candidate", "pk": 23, "fields": {"img_url": "https://upload.wikimedia.org/wikipedia/commons/thumb/7/79/Marco_Rubio,_Official_Portrait,_112th_Congress.jpg/440px-Marco_Rubio,_Official_Portrait,_112th_Congress.jpg", "description": "Born in Miami, Florida in 1971, Marco Rubio is the son of Cuban immigrants. After earning a bachelor's degree from the University of Florida in 1993, he went to the University of Miami for his law degree. Rubio's political career began with his election to the West Miami City Commission in 1998. He was elected in the Florida House of Representatives the following year. In 2009, Rubio won his campaign for the U.S. Senate.", "first_name": "Marco", "last_name": "Rubio", "party": 2}}, {"model": "hmhmod.candidate", "pk": 24, "fields": {"img_url": "https://universaljournalreview.files.wordpress.com/2015/06/479px-scott_walker_by_gage_skidmore.jpg?w=450", "description": "Scott Walker was born on November 2, 1967. He became interested in politics as a teenager, attended but did not graduate from college and worked in fundraising for several years. By the age of 25, he was a member of the Wisconsin State Assembly and quickly moved up the ranks, serving as a Milwaukee County executive and the state's governor. His fiscal conservatism launched him into the national spotlight in 2011, when he proposed eliminating most collective bargaining rights for state workers. Some Wisconsin residents demanded a recall election, which Walker won, making him the first governor in U.S. history to survive a recall election. Walker was subsequently elected to a second term in 2014, and in early 2015 began fundraising efforts for a potential run for the Republican presidential nomination in 2016.", "first_name": "Scott", "last_name": "Walker", "party": 2}}, {"model": "hmhmod.candidate", "pk": 26, "fields": {"img_url": "http://upload.uschinapress.com/2015/0506/1430957618965.jpg", "description": "Ben Carson was born in Detroit, Michigan, on September 18, 1951. His mother, though undereducated herself, pushed her sons to read and to believe in themselves. Carson went from being a poor student to receiving honors and he eventually attended medical school. As a doctor, he became the Director of Pediatric Neurosurgery at Johns Hopkins Hospital at age 33, and became famous for his ground-breaking work separating conjoined twins.", "first_name": "Ben", "last_name": "Carson", "party": 2}}, {"model": "hmhmod.candidate", "pk": 27, "fields": {"img_url": "http://www.againstcronycapitalism.org/wp-content/uploads/Rand-cc-cc-cc2-475x565.jpg", "description": "Born in Pennsylvania in 1963, Rand Paul became involved in politics in 1994, when he founded Kentucky Taxpayers United, a watchdog group that tracked taxation and spending in Kentucky until it dissolved in 2000. Rand Paul gained national attention when he campaigned for his father, Ron Paul, who was running for the Republican presidential nomination in 2008. He attracted a small but passionate following which helped him win the U.S. Senate seat for Kentucky in 2010. Paul is the first U.S. Senator to serve alongside a parent\u2014his father Ron Paul\u2014in the U.S. House of Representatives.", "first_name": "Rand", "last_name": "Paul", "party": 2}}, {"model": "hmhmod.candidate", "pk": 28, "fields": {"img_url": "https://upload.wikimedia.org/wikipedia/commons/thumb/6/60/Mike_Huckabee_by_Gage_Skidmore_2.jpg/400px-Mike_Huckabee_by_Gage_Skidmore_2.jpg", "description": "Michael Huckabee was born on August 24, 1955, in Hope, Arkansas. He unsuccessfully ran for the Senate in 1992. In 1993, he won a special election for lieutenant governor, then became governor when Jim Guy Tucker was convicted in events relating to Whitewater. Huckabee was elected to full terms in 1998 and 2002. He ran for the Republican nomination for president in 2008 but lost to John McCain. In 2015, Huckabee announced that he will run for the 2016 Republican presidential nomination.", "first_name": "Mike", "last_name": "Huckabee", "party": 2}}, {"model": "hmhmod.candidate", "pk": 29, "fields": {"img_url": "http://tavernkeepers.com/wp-content/uploads/2013/09/Ted_Cruz_official_portrait_113th_Congress.jpg", "description": "Born on December 22, 1970, American conservative politician Ted Cruz grew up in Houston, Texas, earning his bachelor's at Princeton University and going on to Harvard Law School. Working as an attorney for some time, Cruz later served as an adviser on the 2000 presidential campaign of George W. Bush. In 2012 he won election to the U.S. Senate with the support of the Tea Party and took office the following year, going on to orchestrate a governmental shutdown in opposition to Obamacare. In 2015, he announced that he was running for the 2016 Republican presidential nomination.", "first_name": "Ted", "last_name": "Cruz", "party": 2}}, {"model": "hmhmod.candidate", "pk": 30, "fields": {"img_url": "http://www.elperiodico.com.do/wp-content/uploads/2015/06/488x387xurl-56-e1436100754962.jpeg.pagespeed.ic.qOpHTZR2dr.jpg", "description": "Real estate developer Donald John Trump was born June 14, 1946, in Queens, New York. The rumors go his parents are well adjusted orangutans. To be fair, he never showed his birth certificate. In 1971 he became involved in large profitable building projects in Manhattan. He opened the Grand Hyatt in 1980, which made him the city's best known and most controversial developer. In 2004 Trump began starring in the hit NBC reality series The Apprentice, which also became an offshoot for The Celebrity Apprentice.", "first_name": "Donald", "last_name": "Trump", "party": 2}}, {"model": "hmhmod.issue", "pk": 2, "fields": {"short_desc": "GMO", "description": "Issue of regulating and labeling GMO products.", "min_label": "Doesn't support more regulations of GMO products", "max_label": "Supports labeling and regulation of GMO products"}}, {"model": "hmhmod.issue", "pk": 3, "fields": {"short_desc": "LGBT", "description": "Issue of same-sex, transgender and bisexual relationships.", "min_label": "Supports only traditional relationships", "max_label": "Supports LGBT relationships"}}, {"model": "hmhmod.issue", "pk": 4, "fields": {"short_desc": "Women/Minorities job equality", "description": "Debate on whether companies should employ a certain quote of women/minorities.", "min_label": "Supports employing based purely on skills", "max_label": "Supports employing more women and minorities"}}, {"model": "hmhmod.issue", "pk": 5, "fields": {"short_desc": "Death penalty", "description": "The issue of capital punishment.", "min_label": "Strongly opposes capital punishment", "max_label": "Supports capital punishemnt"}}, {"model": "hmhmod.issue", "pk": 6, "fields": {"short_desc": "Green energy", "description": "The issue of focusing on renewable energy.", "min_label": "Free market over regulations", "max_label": "Supports transitioning to more renewable energy"}}, {"model": "hmhmod.issue", "pk": 8, "fields": {"short_desc": "Health care", "description": "The issue of government sponsored health care as opposed to capitalism driven health care system.", "min_label": "Supports capitalism driven healthcare", "max_label": "Supports government sponsored healthcare"}}, {"model": "hmhmod.issue", "pk": 9, "fields": {"short_desc": "Abortion", "description": "Pro-choice against pro-life in certain circumstances.", "min_label": "Pro life", "max_label": "Pro choice"}}, {"model": "hmhmod.issue", "pk": 10, "fields": {"short_desc": "Immigration", "description": "Pathway to citizenship for illegal aliens", "min_label": "Supports more regulations on borders", "max_label": "Supports easier way for getting citizenship"}}, {"model": "hmhmod.issue", "pk": 12, "fields": {"short_desc": "Climate Change", "description": "The issue of regulating carbon emissions in order to slow global warming.", "min_label": "Denies or isn't convinced by climate change", "max_label": "Supports regulations of carbon emissions"}}, {"model": "hmhmod.issue", "pk": 13, "fields": {"short_desc": "Marijuana legalization", "description": "The issue of regulating and allowing medicinal/recreational use of marijuana.", "min_label": "Does not support legalization", "max_label": "Supports medical and recreational usage"}}, {"model": "hmhmod.issue", "pk": 14, "fields": {"short_desc": "Military", "description": "The issue of expanding military", "min_label": "Supports cutting down on military resources", "max_label": "Supports more funding of military"}}, {"model": "hmhmod.issue", "pk": 15, "fields": {"short_desc": "Gun control", "description": "The issue of controlling the purchase and ownership of guns.", "min_label": "Support 2nd amendment for everyone", "max_label": "Support higher regulation for purchasing a gun"}}, {"model": "hmhmod.issue", "pk": 16, "fields": {"short_desc": "Crazy", "description": "How crazy is the candidate", "min_label": "Not crazy", "max_label": "Insanely crazy"}}, {"model": "hmhmod.opinion", "pk": 3, "fields": {"candidate": 17, "issue": 2, "value": 0}}, {"model": "hmhmod.opinion", "pk": 4, "fields": {"candidate": 17, "issue": 3, "value": 2}}, {"model": "hmhmod.opinion", "pk": 5, "fields": {"candidate": 17, "issue": 8, "value": 1}}, {"model": "hmhmod.opinion", "pk": 6, "fields": {"candidate": 17, "issue": 9, "value": 2}}, {"model": "hmhmod.opinion", "pk": 7, "fields": {"candidate": 17, "issue": 10, "value": 1}}, {"model": "hmhmod.opinion", "pk": 8, "fields": {"candidate": 17, "issue": 4, "value": 2}}, {"model": "hmhmod.opinion", "pk": 9, "fields": {"candidate": 17, "issue": 5, "value": -2}}, {"model": "hmhmod.opinion", "pk": 10, "fields": {"candidate": 17, "issue": 12, "value": 2}}, {"model": "hmhmod.opinion", "pk": 11, "fields": {"candidate": 17, "issue": 13, "value": 0}}, {"model": "hmhmod.opinion", "pk": 12, "fields": {"candidate": 17, "issue": 15, "value": 2}}, {"model": "hmhmod.opinion", "pk": 13, "fields": {"candidate": 17, "issue": 6, "value": 2}}, {"model": "hmhmod.opinion", "pk": 14, "fields": {"candidate": 17, "issue": 14, "value": 1}}, {"model": "hmhmod.opinion", "pk": 15, "fields": {"candidate": 18, "issue": 2, "value": -1}}, {"model": "hmhmod.opinion", "pk": 16, "fields": {"candidate": 18, "issue": 3, "value": 2}}, {"model": "hmhmod.opinion", "pk": 17, "fields": {"candidate": 18, "issue": 8, "value": 1}}, {"model": "hmhmod.opinion", "pk": 18, "fields": {"candidate": 18, "issue": 9, "value": 2}}, {"model": "hmhmod.opinion", "pk": 19, "fields": {"candidate": 18, "issue": 10, "value": 1}}, {"model": "hmhmod.opinion", "pk": 20, "fields": {"candidate": 18, "issue": 4, "value": 2}}, {"model": "hmhmod.opinion", "pk": 21, "fields": {"candidate": 18, "issue": 5, "value": 2}}, {"model": "hmhmod.opinion", "pk": 22, "fields": {"candidate": 18, "issue": 12, "value": 2}}, {"model": "hmhmod.opinion", "pk": 23, "fields": {"candidate": 18, "issue": 13, "value": -2}}, {"model": "hmhmod.opinion", "pk": 24, "fields": {"candidate": 18, "issue": 15, "value": 1}}, {"model": "hmhmod.opinion", "pk": 25, "fields": {"candidate": 18, "issue": 6, "value": 2}}, {"model": "hmhmod.opinion", "pk": 26, "fields": {"candidate": 18, "issue": 14, "value": -1}}, {"model": "hmhmod.opinion", "pk": 27, "fields": {"candidate": 19, "issue": 2, "value": 0}}, {"model": "hmhmod.opinion", "pk": 28, "fields": {"candidate": 19, "issue": 3, "value": 2}}, {"model": "hmhmod.opinion", "pk": 29, "fields": {"candidate": 19, "issue": 8, "value": 2}}, {"model": "hmhmod.opinion", "pk": 30, "fields": {"candidate": 19, "issue": 9, "value": 1}}, {"model": "hmhmod.opinion", "pk": 31, "fields": {"candidate": 19, "issue": 10, "value": 2}}, {"model": "hmhmod.opinion", "pk": 32, "fields": {"candidate": 19, "issue": 4, "value": 1}}, {"model": "hmhmod.opinion", "pk": 33, "fields": {"candidate": 19, "issue": 5, "value": -1}}, {"model": "hmhmod.opinion", "pk": 34, "fields": {"candidate": 19, "issue": 12, "value": 2}}, {"model": "hmhmod.opinion", "pk": 35, "fields": {"candidate": 19, "issue": 13, "value": 2}}, {"model": "hmhmod.opinion", "pk": 36, "fields": {"candidate": 19, "issue": 15, "value": 2}}, {"model": "hmhmod.opinion", "pk": 37, "fields": {"candidate": 19, "issue": 6, "value": 1}}, {"model": "hmhmod.opinion", "pk": 38, "fields": {"candidate": 19, "issue": 14, "value": 1}}, {"model": "hmhmod.opinion", "pk": 39, "fields": {"candidate": 20, "issue": 2, "value": 2}}, {"model": "hmhmod.opinion", "pk": 40, "fields": {"candidate": 20, "issue": 3, "value": 2}}, {"model": "hmhmod.opinion", "pk": 41, "fields": {"candidate": 20, "issue": 8, "value": 2}}, {"model": "hmhmod.opinion", "pk": 42, "fields": {"candidate": 20, "issue": 9, "value": 2}}, {"model": "hmhmod.opinion", "pk": 43, "fields": {"candidate": 20, "issue": 10, "value": 1}}, {"model": "hmhmod.opinion", "pk": 44, "fields": {"candidate": 20, "issue": 4, "value": 2}}, {"model": "hmhmod.opinion", "pk": 45, "fields": {"candidate": 20, "issue": 5, "value": -2}}, {"model": "hmhmod.opinion", "pk": 46, "fields": {"candidate": 20, "issue": 12, "value": 2}}, {"model": "hmhmod.opinion", "pk": 47, "fields": {"candidate": 20, "issue": 13, "value": 0}}, {"model": "hmhmod.opinion", "pk": 48, "fields": {"candidate": 20, "issue": 15, "value": -2}}, {"model": "hmhmod.opinion", "pk": 49, "fields": {"candidate": 20, "issue": 6, "value": 2}}, {"model": "hmhmod.opinion", "pk": 50, "fields": {"candidate": 20, "issue": 14, "value": -1}}, {"model": "hmhmod.opinion", "pk": 51, "fields": {"candidate": 21, "issue": 2, "value": 0}}, {"model": "hmhmod.opinion", "pk": 52, "fields": {"candidate": 21, "issue": 3, "value": 1}}, {"model": "hmhmod.opinion", "pk": 53, "fields": {"candidate": 21, "issue": 8, "value": 2}}, {"model": "hmhmod.opinion", "pk": 54, "fields": {"candidate": 21, "issue": 9, "value": 2}}, {"model": "hmhmod.opinion", "pk": 55, "fields": {"candidate": 21, "issue": 10, "value": 2}}, {"model": "hmhmod.opinion", "pk": 56, "fields": {"candidate": 21, "issue": 4, "value": 1}}, {"model": "hmhmod.opinion", "pk": 57, "fields": {"candidate": 21, "issue": 5, "value": -1}}, {"model": "hmhmod.opinion", "pk": 58, "fields": {"candidate": 21, "issue": 12, "value": -1}}, {"model": "hmhmod.opinion", "pk": 59, "fields": {"candidate": 21, "issue": 13, "value": 2}}, {"model": "hmhmod.opinion", "pk": 60, "fields": {"candidate": 21, "issue": 15, "value": -2}}, {"model": "hmhmod.opinion", "pk": 61, "fields": {"candidate": 21, "issue": 6, "value": 1}}, {"model": "hmhmod.opinion", "pk": 62, "fields": {"candidate": 21, "issue": 14, "value": 1}}, {"model": "hmhmod.opinion", "pk": 63, "fields": {"candidate": 22, "issue": 2, "value": -2}}, {"model": "hmhmod.opinion", "pk": 64, "fields": {"candidate": 22, "issue": 3, "value": 1}}, {"model": "hmhmod.opinion", "pk": 65, "fields": {"candidate": 22, "issue": 8, "value": -2}}, {"model": "hmhmod.opinion", "pk": 66, "fields": {"candidate": 22, "issue": 9, "value": -2}}, {"model": "hmhmod.opinion", "pk": 67, "fields": {"candidate": 22, "issue": 10, "value": 1}}, {"model": "hmhmod.opinion", "pk": 68, "fields": {"candidate": 22, "issue": 4, "value": -1}}, {"model": "hmhmod.opinion", "pk": 69, "fields": {"candidate": 22, "issue": 5, "value": 2}}, {"model": "hmhmod.opinion", "pk": 70, "fields": {"candidate": 22, "issue": 12, "value": -1}}, {"model": "hmhmod.opinion", "pk": 71, "fields": {"candidate": 22, "issue": 13, "value": -2}}, {"model": "hmhmod.opinion", "pk": 72, "fields": {"candidate": 22, "issue": 15, "value": -1}}, {"model": "hmhmod.opinion", "pk": 73, "fields": {"candidate": 22, "issue": 6, "value": -1}}, {"model": "hmhmod.opinion", "pk": 74, "fields": {"candidate": 22, "issue": 14, "value": 2}}, {"model": "hmhmod.opinion", "pk": 75, "fields": {"candidate": 23, "issue": 2, "value": 0}}, {"model": "hmhmod.opinion", "pk": 76, "fields": {"candidate": 23, "issue": 3, "value": 0}}, {"model": "hmhmod.opinion", "pk": 77, "fields": {"candidate": 23, "issue": 8, "value": -1}}, {"model": "hmhmod.opinion", "pk": 78, "fields": {"candidate": 23, "issue": 9, "value": 2}}, {"model": "hmhmod.opinion", "pk": 79, "fields": {"candidate": 23, "issue": 10, "value": -1}}, {"model": "hmhmod.opinion", "pk": 80, "fields": {"candidate": 23, "issue": 4, "value": -1}}, {"model": "hmhmod.opinion", "pk": 81, "fields": {"candidate": 23, "issue": 5, "value": 2}}, {"model": "hmhmod.opinion", "pk": 82, "fields": {"candidate": 23, "issue": 12, "value": -2}}, {"model": "hmhmod.opinion", "pk": 83, "fields": {"candidate": 23, "issue": 13, "value": -2}}, {"model": "hmhmod.opinion", "pk": 84, "fields": {"candidate": 23, "issue": 15, "value": -2}}, {"model": "hmhmod.opinion", "pk": 85, "fields": {"candidate": 23, "issue": 6, "value": -2}}, {"model": "hmhmod.opinion", "pk": 86, "fields": {"candidate": 23, "issue": 14, "value": 2}}, {"model": "hmhmod.opinion", "pk": 99, "fields": {"candidate": 24, "issue": 2, "value": -2}}, {"model": "hmhmod.opinion", "pk": 100, "fields": {"candidate": 24, "issue": 3, "value": 0}}, {"model": "hmhmod.opinion", "pk": 101, "fields": {"candidate": 24, "issue": 8, "value": -2}}, {"model": "hmhmod.opinion", "pk": 102, "fields": {"candidate": 24, "issue": 9, "value": -1}}, {"model": "hmhmod.opinion", "pk": 103, "fields": {"candidate": 24, "issue": 10, "value": -1}}, {"model": "hmhmod.opinion", "pk": 104, "fields": {"candidate": 24, "issue": 4, "value": 1}}, {"model": "hmhmod.opinion", "pk": 105, "fields": {"candidate": 24, "issue": 5, "value": 2}}, {"model": "hmhmod.opinion", "pk": 106, "fields": {"candidate": 24, "issue": 12, "value": -2}}, {"model": "hmhmod.opinion", "pk": 107, "fields": {"candidate": 24, "issue": 13, "value": -2}}, {"model": "hmhmod.opinion", "pk": 108, "fields": {"candidate": 24, "issue": 15, "value": -2}}, {"model": "hmhmod.opinion", "pk": 109, "fields": {"candidate": 24, "issue": 6, "value": -2}}, {"model": "hmhmod.opinion", "pk": 110, "fields": {"candidate": 24, "issue": 14, "value": 2}}, {"model": "hmhmod.opinion", "pk": 111, "fields": {"candidate": 26, "issue": 2, "value": 0}}, {"model": "hmhmod.opinion", "pk": 112, "fields": {"candidate": 26, "issue": 3, "value": -2}}, {"model": "hmhmod.opinion", "pk": 113, "fields": {"candidate": 26, "issue": 8, "value": -2}}, {"model": "hmhmod.opinion", "pk": 114, "fields": {"candidate": 26, "issue": 9, "value": 0}}, {"model": "hmhmod.opinion", "pk": 115, "fields": {"candidate": 26, "issue": 10, "value": -2}}, {"model": "hmhmod.opinion", "pk": 116, "fields": {"candidate": 26, "issue": 4, "value": -1}}, {"model": "hmhmod.opinion", "pk": 117, "fields": {"candidate": 26, "issue": 5, "value": 0}}, {"model": "hmhmod.opinion", "pk": 118, "fields": {"candidate": 26, "issue": 12, "value": -1}}, {"model": "hmhmod.opinion", "pk": 119, "fields": {"candidate": 26, "issue": 13, "value": -1}}, {"model": "hmhmod.opinion", "pk": 120, "fields": {"candidate": 26, "issue": 15, "value": -2}}, {"model": "hmhmod.opinion", "pk": 121, "fields": {"candidate": 26, "issue": 6, "value": -1}}, {"model": "hmhmod.opinion", "pk": 122, "fields": {"candidate": 26, "issue": 14, "value": 1}}, {"model": "hmhmod.opinion", "pk": 123, "fields": {"candidate": 27, "issue": 2, "value": 0}}, {"model": "hmhmod.opinion", "pk": 124, "fields": {"candidate": 27, "issue": 3, "value": -1}}, {"model": "hmhmod.opinion", "pk": 125, "fields": {"candidate": 27, "issue": 8, "value": -1}}, {"model": "hmhmod.opinion", "pk": 126, "fields": {"candidate": 27, "issue": 9, "value": -2}}, {"model": "hmhmod.opinion", "pk": 127, "fields": {"candidate": 27, "issue": 10, "value": 1}}, {"model": "hmhmod.opinion", "pk": 128, "fields": {"candidate": 27, "issue": 4, "value": -1}}, {"model": "hmhmod.opinion", "pk": 129, "fields": {"candidate": 27, "issue": 5, "value": -1}}, {"model": "hmhmod.opinion", "pk": 130, "fields": {"candidate": 27, "issue": 12, "value": 0}}, {"model": "hmhmod.opinion", "pk": 131, "fields": {"candidate": 27, "issue": 13, "value": -2}}, {"model": "hmhmod.opinion", "pk": 132, "fields": {"candidate": 27, "issue": 15, "value": -2}}, {"model": "hmhmod.opinion", "pk": 133, "fields": {"candidate": 27, "issue": 6, "value": -2}}, {"model": "hmhmod.opinion", "pk": 134, "fields": {"candidate": 27, "issue": 14, "value": -1}}, {"model": "hmhmod.opinion", "pk": 147, "fields": {"candidate": 28, "issue": 2, "value": -2}}, {"model": "hmhmod.opinion", "pk": 148, "fields": {"candidate": 28, "issue": 3, "value": -1}}, {"model": "hmhmod.opinion", "pk": 149, "fields": {"candidate": 28, "issue": 8, "value": 0}}, {"model": "hmhmod.opinion", "pk": 150, "fields": {"candidate": 28, "issue": 9, "value": 0}}, {"model": "hmhmod.opinion", "pk": 151, "fields": {"candidate": 28, "issue": 10, "value": -2}}, {"model": "hmhmod.opinion", "pk": 152, "fields": {"candidate": 28, "issue": 4, "value": -2}}, {"model": "hmhmod.opinion", "pk": 153, "fields": {"candidate": 28, "issue": 5, "value": 2}}, {"model": "hmhmod.opinion", "pk": 154, "fields": {"candidate": 28, "issue": 12, "value": -1}}, {"model": "hmhmod.opinion", "pk": 155, "fields": {"candidate": 28, "issue": 13, "value": -1}}, {"model": "hmhmod.opinion", "pk": 156, "fields": {"candidate": 28, "issue": 15, "value": -1}}, {"model": "hmhmod.opinion", "pk": 157, "fields": {"candidate": 28, "issue": 6, "value": -1}}, {"model": "hmhmod.opinion", "pk": 158, "fields": {"candidate": 28, "issue": 14, "value": -1}}, {"model": "hmhmod.opinion", "pk": 159, "fields": {"candidate": 29, "issue": 2, "value": -1}}, {"model": "hmhmod.opinion", "pk": 160, "fields": {"candidate": 29, "issue": 3, "value": -2}}, {"model": "hmhmod.opinion", "pk": 161, "fields": {"candidate": 29, "issue": 8, "value": -2}}, {"model": "hmhmod.opinion", "pk": 162, "fields": {"candidate": 29, "issue": 9, "value": -2}}, {"model": "hmhmod.opinion", "pk": 163, "fields": {"candidate": 29, "issue": 10, "value": -2}}, {"model": "hmhmod.opinion", "pk": 164, "fields": {"candidate": 29, "issue": 4, "value": 0}}, {"model": "hmhmod.opinion", "pk": 165, "fields": {"candidate": 29, "issue": 5, "value": 2}}, {"model": "hmhmod.opinion", "pk": 166, "fields": {"candidate": 29, "issue": 12, "value": -2}}, {"model": "hmhmod.opinion", "pk": 167, "fields": {"candidate": 29, "issue": 13, "value": 0}}, {"model": "hmhmod.opinion", "pk": 168, "fields": {"candidate": 29, "issue": 15, "value": -2}}, {"model": "hmhmod.opinion", "pk": 169, "fields": {"candidate": 29, "issue": 6, "value": -2}}, {"model": "hmhmod.opinion", "pk": 170, "fields": {"candidate": 29, "issue": 14, "value": 2}}, {"model": "hmhmod.opinion", "pk": 171, "fields": {"candidate": 30, "issue": 16, "value": 2}}, {"model": "hmhmod.charity", "pk": 1, "fields": {"name": "Drug Policy Alliance", "description": "To advance those policies and attitudes that best reduce the harms of both drug use and drug prohibition, and to promote the sovereignty of individuals over their minds and bodies.", "issue": 13, "value": 2}}, {"model": "hmhmod.charity", "pk": 2, "fields": {"name": "Partnership for Drug-Free Kids", "description": "Dedicated to reducing substance abuse among adolescents by supporting families and engaging with teens.", "issue": 13, "value": 2}}, {"model": "hmhmod.charity", "pk": 3, "fields": {"name": "Phoenix House Foundation", "description": "Helping individuals, families, and communities affected by substance abuse and dependency.", "issue": 13, "value": 2}}, {"model": "hmhmod.charity", "pk": 4, "fields": {"name": "SADD (National Office)", "description": "To provide students with the best prevention tools possible to deal with issues of underage drinking, other drug use, impaired and risky driving and other destructive decisions.", "issue": 13, "value": 2}}, {"model": "hmhmod.charity", "pk": 5, "fields": {"name": "Alaska Conservation Foundation", "description": "To preserve Alaska's environment.", "issue": 6, "value": 2}}, {"model": "hmhmod.charity", "pk": 6, "fields": {"name": "American Bird Conservancy", "description": "Conserves native wild birds and their habitats throughout the Americas, safeguarding the rarest species, restoring habitats, and reducing threats, while building capacity in the bird conservation movement.", "issue": 6, "value": 2}}, {"model": "hmhmod.charity", "pk": 7, "fields": {"name": "American Farmland Trust", "description": "To help farmers and ranchers protect their land, produce a healthier environment and build successful communities.", "issue": 6, "value": 2}}, {"model": "hmhmod.charity", "pk": 8, "fields": {"name": "American Forests", "description": "Protects and restores forests, preserving the health of our planet and the well-being of its inhabitants.", "issue": 6, "value": 2}}, {"model": "hmhmod.charity", "pk": 9, "fields": {"name": "American Rivers", "description": "Protects wild rivers, restores damaged rivers, and conserves clean water for people and nature.", "issue": 6, "value": 2}}, {"model": "hmhmod.charity", "pk": 10, "fields": {"name": "Arbor Day Foundation", "description": "To engage in educational and charitable activities including officially promoting the annual observance of Arbor Day; inspiring people to plant, nurture, and celebrate trees; stimulating a worldwide program of tree and horticultural planting and care; advancing nature education and environmental education; and maintaining Arbor Day Farm, the estate of Arbor Day's founder, J. Sterling Morton.", "issue": 6, "value": 2}}, {"model": "hmhmod.charity", "pk": 11, "fields": {"name": "Center for Biological Diversity", "description": "Works to secure a future for all species, great and small, hovering on the brink of extinction, through science, law and creative media, with a focus on protecting the lands, waters and climate that species need to survive.", "issue": 6, "value": 2}}, {"model": "hmhmod.charity", "pk": 12, "fields": {"name": "Chesapeake Bay Foundation", "description": "To save the Chesapeake Bay.", "issue": 6, "value": 2}}, {"model": "hmhmod.charity", "pk": 13, "fields": {"name": "Conservation Fund", "description": "Working with public, private and nonprofit partners, protects America's legacy of land and water resources through land acquisition, sustainable community and economic development, and leadership training.", "issue": 6, "value": 2}}, {"model": "hmhmod.charity", "pk": 14, "fields": {"name": "Conservation International Foundation", "description": "Building upon a strong foundation of science, partnership and field demonstration, empowers societies to responsibly and sustainably care for nature, our global biodiversity, for the well-being of humanity.", "issue": 6, "value": 2}}, {"model": "hmhmod.charity", "pk": 15, "fields": {"name": "Cousteau Society", "description": "Dedicated to the protection and improvement of the quality of life for present and future generations. Educational activities directed toward members, classrooms, and the general public promote environmental awareness leading to sound decisions to protect and manage the world's resources.", "issue": 6, "value": 2}}, {"model": "hmhmod.charity", "pk": 16, "fields": {"name": "Defenders of Wildlife", "description": "Habitat and species protection.", "issue": 6, "value": 2}}, {"model": "hmhmod.charity", "pk": 17, "fields": {"name": "Ducks Unlimited", "description": "Conserves, restores, and manages wetlands and associated habitats for North America's waterfowl.", "issue": 6, "value": 2}}, {"model": "hmhmod.charity", "pk": 18, "fields": {"name": "Earth Island Institute", "description": "To develop and support projects that counteract threats to the biological and cultural diversity that sustain the environment. Through education and activism, these projects promote the conservation, preservation, and restoration of the Earth.", "issue": 6, "value": 2}}, {"model": "hmhmod.charity", "pk": 19, "fields": {"name": "Earthjustice", "description": "Uses the law to protect natural heritage, safeguard health, and promote a clean energy future.", "issue": 6, "value": 2}}, {"model": "hmhmod.charity", "pk": 20, "fields": {"name": "Earthworks", "description": "Protecting communities and the environment from the adverse impacts of mineral and energy development while promoting sustainable solutions.", "issue": 6, "value": 2}}, {"model": "hmhmod.charity", "pk": 21, "fields": {"name": "Environmental Defense Action Fund", "description": "To educate the public regarding environmental and conservation issues, and advocate legislation and policies that protect the environmental rights of all people.", "issue": 6, "value": 2}}, {"model": "hmhmod.charity", "pk": 22, "fields": {"name": "Environmental Defense Fund", "description": "To preserve the natural systems on which all life depends; guided by science and economics, finds practical and lasting solutions to the most serious environmental problems.", "issue": 6, "value": 2}}, {"model": "hmhmod.charity", "pk": 23, "fields": {"name": "Environmental Working Group", "description": "To conduct original, game-changing research that inspires people, businesses and governments to take action to protect human health and the environment.", "issue": 6, "value": 2}}, {"model": "hmhmod.charity", "pk": 24, "fields": {"name": "Food and Water Watch", "description": "Conducts extensive research and public education to ensure the food, water and fish we consume is safe, accessible and sustainably produced.", "issue": 6, "value": 2}}, {"model": "hmhmod.charity", "pk": 25, "fields": {"name": "Friends of the Earth", "description": "Defends the environment and champions a healthy and just world.", "issue": 6, "value": 2}}, {"model": "hmhmod.charity", "pk": 26, "fields": {"name": "Gaia-Movement Living Earth Green World Action USA", "description": "To educate the general public on environmental matters and promote the environment on a worldwide basis.", "issue": 6, "value": 2}}, {"model": "hmhmod.charity", "pk": 27, "fields": {"name": "Greenpeace", "description": "Greenpeace is an independent campaigning organization that uses peaceful direct action and creative communication to expose global environmental problems and promote solutions that are essential for a green and peaceful future.", "issue": 6, "value": 2}}, {"model": "hmhmod.charity", "pk": 28, "fields": {"name": "Greenpeace Fund", "description": "To protect and preserve the environment through the funding of grants to other organizations.", "issue": 6, "value": 2}}, {"model": "hmhmod.charity", "pk": 29, "fields": {"name": "Izaak Walton League of America", "description": "To conserve, restore and promote the sustainable use and enjoyment of our natural resources, including soil, air, woods, water and wildlife.", "issue": 6, "value": 2}}, {"model": "hmhmod.charity", "pk": 30, "fields": {"name": "Keep America Beautiful (National Office)", "description": "To engage individuals in taking greater responsibility for improving their community environments.", "issue": 6, "value": 2}}, {"model": "hmhmod.charity", "pk": 31, "fields": {"name": "League of Conservation Voters", "description": "Works to turn environmental values into national, state &amp; local priorities; advocates for sound environmental laws &amp; policies; holds elected officials accountable for their votes &amp; actions; elects pro-environmental candidates who will champion our priority issues.", "issue": 6, "value": 2}}, {"model": "hmhmod.charity", "pk": 32, "fields": {"name": "League of Conservation Voters Education Fund", "description": "Works to turn environmental values into national, state &amp; local priorities; educates the public, media &amp; elected officials about key environmental issues; works to increase voter participation in the democratic process; mobilizes a diverse network of activists to advocate for sound environmental policies.", "issue": 6, "value": 2}}, {"model": "hmhmod.charity", "pk": 33, "fields": {"name": "National Audubon Society", "description": "To conserve and restore natural ecosystems, focusing on birds and other wildlife, for the benefit of humanity and the biological diversity of the earth.", "issue": 6, "value": 2}}, {"model": "hmhmod.charity", "pk": 34, "fields": {"name": "National Park Foundation", "description": "The US Congress chartered the National Park Foundation to strengthen the connection between the American people and their National Parks by raising private funds, making strategic grants, creating innovative partnerships, and increasing public awareness.", "issue": 6, "value": 2}}, {"model": "hmhmod.charity", "pk": 35, "fields": {"name": "National Park Trust", "description": "Preserving parks today; creating park stewards for tomorrow.", "issue": 6, "value": 2}}, {"model": "hmhmod.charity", "pk": 36, "fields": {"name": "National Parks Conservation Association", "description": "To protect and enhance America's national parks for present and future generations.", "issue": 6, "value": 2}}, {"model": "hmhmod.charity", "pk": 37, "fields": {"name": "National Wildlife Federation", "description": "To inspire Americans to protect wildlife for our children's future.", "issue": 6, "value": 2}}, {"model": "hmhmod.charity", "pk": 38, "fields": {"name": "Natural Resources Defense Council", "description": "To safeguard the Earth: Its people, its plants and animals and the natural systems on which all life depends.", "issue": 6, "value": 2}}, {"model": "hmhmod.charity", "pk": 39, "fields": {"name": "Nature Conservancy", "description": "Preserve plants, animals, and natural communities by protecting the lands and waters they need to survive.", "issue": 6, "value": 2}}, {"model": "hmhmod.charity", "pk": 40, "fields": {"name": "Ocean Conservancy", "description": "To bring people together to find solutions for our water planet; educate and empower people to defend not only the ocean and its wildlife, but also the millions who earn their living from the ocean.", "issue": 6, "value": 2}}, {"model": "hmhmod.charity", "pk": 41, "fields": {"name": "Resources for the Future", "description": "To improve environmental and natural resource policy making worldwide through social science research.", "issue": 6, "value": 2}}, {"model": "hmhmod.charity", "pk": 42, "fields": {"name": "Rocky Mountain Elk Foundation", "description": "To ensure the future of elk, other wildlife, their habitat and our hunting heritage; includes conserving habitat, promoting elk management, and educating members on conservation and hunting.", "issue": 6, "value": 2}}, {"model": "hmhmod.charity", "pk": 43, "fields": {"name": "Save the Redwoods League", "description": "Protects and restores redwood forests and connects people with their peace and beauty so these wonders of the natural world flourish.", "issue": 6, "value": 2}}, {"model": "hmhmod.charity", "pk": 44, "fields": {"name": "Sierra Club", "description": "To explore, enjoy, and protect the wild places of the earth; practice and promote responsible use of the earth's ecosystems and resources; educate and enlist humanity to protect and restore the quality of the natural and human environment; and use all lawful means to carry out these objectives.", "issue": 6, "value": 2}}, {"model": "hmhmod.charity", "pk": 45, "fields": {"name": "Sierra Club Foundation", "description": "To help educate, inspire and empower humanity to preserve the natural and human environment by providing resources for charitable programs that protect and restore the environment.", "issue": 6, "value": 2}}, {"model": "hmhmod.charity", "pk": 46, "fields": {"name": "Student Conservation Association", "description": "To build the next generation of conservation leaders and inspire lifelong stewardship of our environment and communities by engaging young people in hands-on service to the land.", "issue": 6, "value": 2}}, {"model": "hmhmod.charity", "pk": 47, "fields": {"name": "Trout Unlimited", "description": "To conserve, protect, and restore North America's coldwater fisheries and their watersheds.", "issue": 6, "value": 2}}, {"model": "hmhmod.charity", "pk": 48, "fields": {"name": "Trust for Public Land", "description": "Conserves land for people to enjoy as parks, gardens, and other natural places, ensuring livable communities for generations to come.", "issue": 6, "value": 2}}, {"model": "hmhmod.charity", "pk": 49, "fields": {"name": "Union of Concerned Scientists", "description": "Puts rigorous independent science to work to solve the most pressing problems of our planet.", "issue": 6, "value": 2}}, {"model": "hmhmod.charity", "pk": 50, "fields": {"name": "Water.org", "description": "To draw attention to the world's number one health problem, unsafe and inadequate water supplies, and to raise funds to help fight this immense problem - one community at a time.", "issue": 6, "value": 2}}, {"model": "hmhmod.charity", "pk": 51, "fields": {"name": "Waterkeeper Alliance", "description": "Organized to serve as the umbrella group for other waterkeepers programs throughout north America and other countries. Focuses on citizen advocacy on the issues that affect our waterways.", "issue": 6, "value": 2}}, {"model": "hmhmod.charity", "pk": 52, "fields": {"name": "Wilderness Society", "description": "To protect wilderness and inspire Americans to care for our wild places.", "issue": 6, "value": 2}}, {"model": "hmhmod.charity", "pk": 53, "fields": {"name": "Yosemite Conservancy", "description": "Inspire people to support projects and programs that preserve and protect Yosemite National Park's resources and enrich the visitor experience.", "issue": 6, "value": 2}}, {"model": "hmhmod.charity", "pk": 54, "fields": {"name": "Brady Campaign to Prevent Gun Violence", "description": "Devoted to creating an America free from gun violence, where all Americans are safe at home, at school, at work, and in our communities.", "issue": 15, "value": 2}}, {"model": "hmhmod.charity", "pk": 55, "fields": {"name": "Brady Center to Prevent Gun Violence", "description": "Devoted to creating an America free from gun violence, where all Americans are safe at home, at school, at work, and in our communities.", "issue": 15, "value": 2}}, {"model": "hmhmod.charity", "pk": 56, "fields": {"name": "National Police Defense Foundation", "description": "Offers medical and legal support services to law enforcement personnel, support for families of law enforcement personnel and free fingerprinting, medical services and support for children.", "issue": 15, "value": 2}}, {"model": "hmhmod.charity", "pk": 57, "fields": {"name": "National Rifle Association", "description": "To protect and defend the U.S. constitution; to promote public safety, law and order, and the national defense; to train law enforcement agencies; to train civilians in marksmanship; to foster and promote the shooting sports; to promote hunter safety.", "issue": 15, "value": -2}}, {"model": "hmhmod.charity", "pk": 58, "fields": {"name": "National Rifle Association (NRA) Foundation", "description": "Support of a wide range of firearm-related public interest activities of the National Rifle Association of America and other organizations that defend and foster the Second Amendment rights of all law-abiding Americans.", "issue": 15, "value": -2}}, {"model": "hmhmod.charity", "pk": 59, "fields": {"name": "ALS Association", "description": "To lead the fight to cure and treat ALS through global, cutting-edge research.", "issue": 8, "value": 2}}, {"model": "hmhmod.charity", "pk": 60, "fields": {"name": "American Brain Tumor Association", "description": "Advance the understanding and treatment of brain tumors with the goals of improving, extending and, ultimately, saving the lives of those impacted by a brain tumor diagnosis.", "issue": 8, "value": 2}}, {"model": "hmhmod.charity", "pk": 61, "fields": {"name": "American Diabetes Association", "description": "To prevent and cure diabetes and to improve the lives of all people affected by diabetes.", "issue": 8, "value": 2}}, {"model": "hmhmod.charity", "pk": 62, "fields": {"name": "American Heart Association", "description": "Building healthier lives, free of cardiovascular diseases and stroke.", "issue": 8, "value": 2}}, {"model": "hmhmod.charity", "pk": 63, "fields": {"name": "American Kidney Fund", "description": "To fight kidney disease through direct financial support to patients in need; health education; and prevention efforts.", "issue": 8, "value": 2}}, {"model": "hmhmod.charity", "pk": 64, "fields": {"name": "American Leprosy Missions", "description": "To serve as a channel of Christ's love to persons affected by leprosy and related conditions, helping them be healed in body and spirit and restored to lives of dignity and hope.", "issue": 8, "value": 2}}, {"model": "hmhmod.charity", "pk": 65, "fields": {"name": "American Liver Foundation", "description": "To facilitate, advocate and promote education, support and research for the prevention, treatment and cure for liver disease.", "issue": 8, "value": 2}}, {"model": "hmhmod.charity", "pk": 66, "fields": {"name": "American Lung Association (National Office)", "description": "To save lives by improving lung health and preventing lung disease, with the ultimate vision of a world free of lung disease.", "issue": 8, "value": 2}}, {"model": "hmhmod.charity", "pk": 67, "fields": {"name": "American Parkinson Disease Association", "description": "To foster and promote research for the cure and alleviation of Parkinson's disease and its symptoms.", "issue": 8, "value": 2}}, {"model": "hmhmod.charity", "pk": 68, "fields": {"name": "American Red Cross", "description": "Prevents and alleviates human suffering in the face of emergencies by mobilizing the power of volunteers and the generosity of donors.", "issue": 8, "value": 2}}, {"model": "hmhmod.charity", "pk": 69, "fields": {"name": "American Sexual Health Association ", "description": "Promote the sexual health of individuals, families &amp; communities by advocating sound policies &amp; practices and educating the public, professionals &amp; policy makers, in order to foster healthy sexual behaviors &amp; relationships and prevent adverse health outcomes.", "issue": 8, "value": 2}}, {"model": "hmhmod.charity", "pk": 70, "fields": {"name": "Arthritis Foundation", "description": "To improve lives through leadership in prevention, control and cure of arthritis and related diseases.", "issue": 8, "value": 2}}, {"model": "hmhmod.charity", "pk": 71, "fields": {"name": "BrightFocus Foundation", "description": "Seeks to save mind and sight by funding innovative research worldwide and by promoting better health through education.", "issue": 8, "value": 2}}, {"model": "hmhmod.charity", "pk": 72, "fields": {"name": "Children With Hair Loss", "description": "Hair replacement for children with medically related hair loss.", "issue": 8, "value": 2}}, {"model": "hmhmod.charity", "pk": 73, "fields": {"name": "City of Hope", "description": "Dedicated to the prevention and cure of cancer and other life-threatening diseases, guided by a compassionate, patient-centered philosophy and supported by a national foundation of humanitarian philanthropy.", "issue": 8, "value": 2}}, {"model": "hmhmod.charity", "pk": 74, "fields": {"name": "Crohn's & Colitis Foundation of America", "description": "To cure Crohn's disease and ulcerative colitis, and to improve the quality of life of children and adults affected by these diseases.", "issue": 8, "value": 2}}, {"model": "hmhmod.charity", "pk": 75, "fields": {"name": "Cystic Fibrosis Foundation", "description": "To cure cystic fibrosis and to provide all people with the disease the opportunity to lead full, productive lives by funding research and drug development, promoting individualized treatment, and ensuring access to high quality, specialized care.", "issue": 8, "value": 2}}, {"model": "hmhmod.charity", "pk": 76, "fields": {"name": "Defeat Diabetes Foundation", "description": "The prevention, early identification and effective self-management of the global epidemic, diabetes.  Work with individuals and organizations worldwide through awareness, interactive and assistance programs.", "issue": 8, "value": 2}}, {"model": "hmhmod.charity", "pk": 77, "fields": {"name": "Diabetes Action Research and Education Foundation", "description": "Committed to the prevention and treatment of diabetes and to the funding of innovative, promising research aimed at finding a cure for diabetes and diabetes related complications.", "issue": 8, "value": 2}}, {"model": "hmhmod.charity", "pk": 78, "fields": {"name": "Diabetes Research & Wellness Foundation", "description": "To help find the cure for diabetes, and until that goal is achieved, to provide the care and self-management skills needed to combat the life-threatening complications of diabetes, and to promote public education about the causes, prevention, and treatment of the disease.", "issue": 8, "value": 2}}, {"model": "hmhmod.charity", "pk": 79, "fields": {"name": "Diabetes Research Institute Foundation", "description": "To provide the Diabetes Research Institute (at the University of Miami Miller School of Medicine) with the funding necessary to cure diabetes now.", "issue": 8, "value": 2}}, {"model": "hmhmod.charity", "pk": 80, "fields": {"name": "Easter Seals (National Office)", "description": "To continue to be the leading organization in helping children and adults with disabilities to live with equality, dignity, and independence.", "issue": 8, "value": 2}}, {"model": "hmhmod.charity", "pk": 81, "fields": {"name": "Epilepsy Foundation & Epilepsy Research Foundation", "description": "Leads the fight to stop seizures, find a cure, and overcome the challenges created by epilepsy.", "issue": 8, "value": 2}}, {"model": "hmhmod.charity", "pk": 82, "fields": {"name": "First Candle (National Office)", "description": "To promote safe pregnancies and the survival of babies through the first years of life. Provides compassionate grief support to all those affected by the death of a baby.", "issue": 8, "value": 2}}, {"model": "hmhmod.charity", "pk": 83, "fields": {"name": "Hearing Health Foundation", "description": "To prevent and cure hearing loss and tinnitus through groundbreaking research.", "issue": 8, "value": 2}}, {"model": "hmhmod.charity", "pk": 84, "fields": {"name": "Heart Center of America", "description": "To provide direct assistance to heart disease victims as well as grants to hospitals and other charitable institutions.", "issue": 8, "value": 2}}, {"model": "hmhmod.charity", "pk": 85, "fields": {"name": "Huntington's Disease Society of America", "description": "A national voluntary health and welfare organization dedicated to improving the lives of people with Huntington's Disease and their families.", "issue": 8, "value": 2}}, {"model": "hmhmod.charity", "pk": 86, "fields": {"name": "JDRF International", "description": "To find a cure for Type I diabetes and its complications through the support of research.", "issue": 8, "value": 2}}, {"model": "hmhmod.charity", "pk": 87, "fields": {"name": "Lupus Foundation of America (National Office)", "description": "Improve the quality of life for people with lupus through research, education, and advocacy.", "issue": 8, "value": 2}}, {"model": "hmhmod.charity", "pk": 88, "fields": {"name": "Lupus Research Institute", "description": "Research for causes and cure for Lupus.", "issue": 8, "value": 2}}, {"model": "hmhmod.charity", "pk": 89, "fields": {"name": "March of Dimes Foundation", "description": "To improve the health of babies by preventing birth defects, premature birth, and infant mortality. Provides programs of research, community service, education, and advocacy to save babies.", "issue": 8, "value": 2}}, {"model": "hmhmod.charity", "pk": 90, "fields": {"name": "MedicAlert Foundation United States", "description": "To provide personal and medical information at times of need to protect and save lives.", "issue": 8, "value": 2}}, {"model": "hmhmod.charity", "pk": 91, "fields": {"name": "Michael J. Fox Foundation for Parkinson's Research", "description": "Dedicated to ensuring the development of better treatments, and ultimately a cure, for Parkinson's disease through an aggressively funded research agenda.", "issue": 8, "value": 2}}, {"model": "hmhmod.charity", "pk": 92, "fields": {"name": "Miracle Flights for Kids", "description": "Provides free commercial airline tickets for sick children needing treatments and second opinions not available in their own communities.", "issue": 8, "value": 2}}, {"model": "hmhmod.charity", "pk": 93, "fields": {"name": "Movember Foundation", "description": "During November each year, is responsible for the sprouting of moustaches on thousands of men's faces. With their moustaches, these men raise vital funds and awareness for men's health to combat prostate and testicular cancer.", "issue": 8, "value": 2}}, {"model": "hmhmod.charity", "pk": 94, "fields": {"name": "Multiple Sclerosis Association of America", "description": "To enrich the quality of life of everyone affected by MS. Brings ongoing support and direct services to people with MS and their families throughout the United States.", "issue": 8, "value": 2}}, {"model": "hmhmod.charity", "pk": 95, "fields": {"name": "Multiple Sclerosis Foundation", "description": "To provide programs and support services to those persons affected by multiple sclerosis.", "issue": 8, "value": 2}}, {"model": "hmhmod.charity", "pk": 96, "fields": {"name": "Muscular Dystrophy Association", "description": "Dedicated to curing muscular dystrophy, ALS, and related diseases by funding worldwide research. Provides comprehensive health care, support services, advocacy, and education.", "issue": 8, "value": 2}}, {"model": "hmhmod.charity", "pk": 97, "fields": {"name": "National Caregiving Foundation", "description": "To publish and disseminate information on health related issues and to educate the general public about the plight of our nation's caregivers.", "issue": 8, "value": 2}}, {"model": "hmhmod.charity", "pk": 98, "fields": {"name": "National Council of La Raza (NCLR)", "description": "The largest national Hispanic civil rights and advocacy organization in the U.S.; works to improve opportunities for Hispanic Americans.", "issue": 8, "value": 2}}, {"model": "hmhmod.charity", "pk": 99, "fields": {"name": "National Emergency Medicine Association", "description": "Education on the prevention of injury &amp; illness.", "issue": 8, "value": 2}}, {"model": "hmhmod.charity", "pk": 100, "fields": {"name": "National Kidney Foundation", "description": "To prevent kidney and urinary tract diseases, improve the health well-being of individuals and families affected by these diseases, and increase the availability of all organs for transplantation.", "issue": 8, "value": 2}}, {"model": "hmhmod.charity", "pk": 101, "fields": {"name": "National Multiple Sclerosis Society (National Office)", "description": "Mobilizes people and resources to drive research for a cure and to address the challenges of everyone affected by MS.", "issue": 8, "value": 2}}, {"model": "hmhmod.charity", "pk": 102, "fields": {"name": "National Osteoporosis Foundation", "description": "Preventing osteoporosis and broken bones, promoting strong bones for life, and reducing human suffering through programs of public and clinician awareness, education, advocacy, and research.", "issue": 8, "value": 2}}, {"model": "hmhmod.charity", "pk": 103, "fields": {"name": "National Parkinson Foundation", "description": "To improve the quality of care for people with Parkinson's disease through research, education, and outreach.", "issue": 8, "value": 2}}, {"model": "hmhmod.charity", "pk": 104, "fields": {"name": "National Psoriasis Foundation", "description": "To find a cure for psoriasis and psoriatic arthritis, and to eliminate their devastating effects through research, advocacy, and education.", "issue": 8, "value": 2}}, {"model": "hmhmod.charity", "pk": 105, "fields": {"name": "Operation Smile", "description": "Saves lives by giving free surgery and related care to children with clefts, creates sustainability in developing countries by training local medical professionals, and educates the public.", "issue": 8, "value": 2}}, {"model": "hmhmod.charity", "pk": 106, "fields": {"name": "Parkinson Research Foundation", "description": "To educate and empower Parkinson disease patients through educational conferences, website and newsletters and to support scientific research of Parkinson disease.", "issue": 8, "value": 2}}, {"model": "hmhmod.charity", "pk": 107, "fields": {"name": "Parkinson's Disease Foundation", "description": "Awards grants &amp; fellowships for research in Parkinson's disease; provides educational &amp; advocacy programs for people with Parkinson's disease, their families and caregivers.", "issue": 8, "value": 2}}, {"model": "hmhmod.charity", "pk": 108, "fields": {"name": "PKD Foundation", "description": "To promote programs of research, advocacy, education, support and awareness in order to discover treatments and a cure for polycystic kidney disease (PKD) and improve the lives of all it affects.", "issue": 8, "value": 2}}, {"model": "hmhmod.charity", "pk": 109, "fields": {"name": "Project Cure", "description": "Dedicated to increasing public and professional awareness about the prevention, detection, and treatment of various chronic diseases with complementary and alternative medicine. We do this by challenging medical orthodoxy and amplifying new voices within the health care reform debate through dissemination of letters, faxes, post cards, brochures, newsletters, websites, and other mass communication tools. Primary focus is on three distinct chronic disease conditions: Alzheimer's disease, diabetes, and prostate cancer.", "issue": 8, "value": 2}}, {"model": "hmhmod.charity", "pk": 110, "fields": {"name": "Salk Institute for Biological Studies", "description": "The advancement and dissemination of knowledge relevant to the health and well-being of man. Performs research and advanced instruction in biology; the cause, prevention, and cure of diseases; and the factors and circumstances conducive to the fulfillment of man's biological potential.", "issue": 8, "value": 2}}, {"model": "hmhmod.charity", "pk": 111, "fields": {"name": "Shriners Hospitals for Children", "description": "Provide pediatric specialty care without financial obligation to patients or their families.", "issue": 8, "value": 2}}, {"model": "hmhmod.charity", "pk": 112, "fields": {"name": "Smile Train", "description": "To provide free cleft surgery for children in developing countries, and to provide free cleft-related training for doctors &amp; medical personnel.", "issue": 8, "value": 2}}, {"model": "hmhmod.charity", "pk": 113, "fields": {"name": "United Cerebral Palsy Associations (National Office)", "description": "To advance the independence, productivity and full citizenship of people with disabilities through an affiliate network.", "issue": 8, "value": 2}}, {"model": "hmhmod.charity", "pk": 114, "fields": {"name": "Will Rogers Motion Picture Pioneers Foundation", "description": "Perpetuate the memory of Will Rogers by promoting and engaging in cardiopulmonary programs, as well as public health education, under the name of Will Rogers Institute, and provide social service assistance to eligible members of the theatrical entertainment industry through the Motion Pictures Pioneers Assistance Fund.", "issue": 8, "value": 2}}, {"model": "hmhmod.charity", "pk": 115, "fields": {"name": "WonderWork", "description": "Provide treatment, surgery, and related assistance to children and adults everywhere, including those in developing countries, suffering from disease, illness, or disability.", "issue": 8, "value": 2}}, {"model": "hmhmod.charity", "pk": 116, "fields": {"name": "Gay and Lesbian Alliance Against Defamation", "description": "Amplifies the voice of the LGBT community by empowering real people to share their stories, holding the media accountable for the words and images they present, and helping grassroots organizations communicate effectively.", "issue": 3, "value": 2}}, {"model": "hmhmod.charity", "pk": 117, "fields": {"name": "Human Rights Campaign", "description": "Civil rights organization working to achieve equality for lesbian, gay, bisexual and transgender (LGBT) Americans.", "issue": 3, "value": 2}}, {"model": "hmhmod.charity", "pk": 118, "fields": {"name": "Human Rights Campaign Foundation", "description": "Research, advocacy and education to support and protect lesbian, gay, bisexual and transgender (LGBT) individuals and families.", "issue": 3, "value": 2}}, {"model": "hmhmod.charity", "pk": 119, "fields": {"name": "Lambda Legal Defense and Education Fund", "description": "A national organization committed to achieving full recognition of the civil rights of lesbians, gay men, bisexuals, transgender people and those with HIV through impact litigation, education and public policy work.", "issue": 3, "value": 2}}, {"model": "hmhmod.charity", "pk": 120, "fields": {"name": "Trevor Project", "description": "To end suicide among lesbian, gay, bisexual, transgender and questioning (LGBTQ) young people.", "issue": 3, "value": 2}}, {"model": "hmhmod.charity", "pk": 121, "fields": {"name": "American Life League", "description": "Exists to serve God by helping to build a society that respects and protects individual innocent human beings from creation to death--without compromise, without exception, without apology.", "issue": 9, "value": -2}}, {"model": "hmhmod.charity", "pk": 122, "fields": {"name": "Center for Reproductive Rights", "description": "Promoting and defending women's reproductive rights worldwide.", "issue": 9, "value": 2}}, {"model": "hmhmod.charity", "pk": 123, "fields": {"name": "Guttmacher Institute", "description": "To advance sexual and reproductive health and rights through an interrelated program of research, policy analysis, and public education designed to generate new ideas, encourage enlightened public debate, and promote sound policy and program development.", "issue": 9, "value": 2}}, {"model": "hmhmod.charity", "pk": 124, "fields": {"name": "NARAL Pro Choice America (National Office)", "description": "Promotion of social welfare and education of the public on matters related to reproductive rights.", "issue": 9, "value": 2}}, {"model": "hmhmod.charity", "pk": 125, "fields": {"name": "NARAL Pro-Choice America Foundation (National Office)", "description": "To operate for the benefit of, to perform the educational and charitable functions of, and to carry out the educational and charitable purposes of NARAL Pro-Choice America.", "issue": 9, "value": 2}}, {"model": "hmhmod.charity", "pk": 126, "fields": {"name": "National Right to Life Committee", "description": "Devoted to disseminating information and support for pro-life issues.", "issue": 9, "value": -2}}, {"model": "hmhmod.charity", "pk": 127, "fields": {"name": "National Right to Life Educational Trust Fund", "description": "Educates the public about abortion, euthanasia, infanticide, and other related issues within the scope of bioethics.", "issue": 9, "value": 2}}, {"model": "hmhmod.charity", "pk": 128, "fields": {"name": "Planned Parenthood Action Fund", "description": "To protect women's health and reproductive choice through advocacy.", "issue": 9, "value": 2}}, {"model": "hmhmod.charity", "pk": 129, "fields": {"name": "Religious Coalition for Reproductive Choice", "description": "Provide information and education in regards to reproductive choice.", "issue": 9, "value": 2}}, {"model": "hmhmod.charity", "pk": 130, "fields": {"name": "Religious Coalition for Reproductive Choice Educational Fund", "description": "Provide information and education in regards to reproductive choice.", "issue": 9, "value": 2}}, {"model": "auth.permission", "pk": 1, "fields": {"name": "Can add log entry", "codename": "add_logentry", "content_type": 1}}, {"model": "auth.permission", "pk": 2, "fields": {"name": "Can change log entry", "codename": "change_logentry", "content_type": 1}}, {"model": "auth.permission", "pk": 3, "fields": {"name": "Can delete log entry", "codename": "delete_logentry", "content_type": 1}}, {"model": "auth.permission", "pk": 4, "fields": {"name": "Can add permission", "codename": "add_permission", "content_type": 2}}, {"model": "auth.permission", "pk": 5, "fields": {"name": "Can change permission", "codename": "change_permission", "content_type": 2}}, {"model": "auth.permission", "pk": 6, "fields": {"name": "Can delete permission", "codename": "delete_permission", "content_type": 2}}, {"model": "auth.permission", "pk": 7, "fields": {"name": "Can add group", "codename": "add_group", "content_type": 3}}, {"model": "auth.permission", "pk": 8, "fields": {"name": "Can change group", "codename": "change_group", "content_type": 3}}, {"model": "auth.permission", "pk": 9, "fields": {"name": "Can delete group", "codename": "delete_group", "content_type": 3}}, {"model": "auth.permission", "pk": 10, "fields": {"name": "Can add user", "codename": "add_user", "content_type": 4}}, {"model": "auth.permission", "pk": 11, "fields": {"name": "Can change user", "codename": "change_user", "content_type": 4}}, {"model": "auth.permission", "pk": 12, "fields": {"name": "Can delete user", "codename": "delete_user", "content_type": 4}}, {"model": "auth.permission", "pk": 13, "fields": {"name": "Can add content type", "codename": "add_contenttype", "content_type": 5}}, {"model": "auth.permission", "pk": 14, "fields": {"name": "Can change content type", "codename": "change_contenttype", "content_type": 5}}, {"model": "auth.permission", "pk": 15, "fields": {"name": "Can delete content type", "codename": "delete_contenttype", "content_type": 5}}, {"model": "auth.permission", "pk": 16, "fields": {"name": "Can add session", "codename": "add_session", "content_type": 6}}, {"model": "auth.permission", "pk": 17, "fields": {"name": "Can change session", "codename": "change_session", "content_type": 6}}, {"model": "auth.permission", "pk": 18, "fields": {"name": "Can delete session", "codename": "delete_session", "content_type": 6}}, {"model": "auth.permission", "pk": 19, "fields": {"name": "Can add party", "codename": "add_party", "content_type": 7}}, {"model": "auth.permission", "pk": 20, "fields": {"name": "Can change party", "codename": "change_party", "content_type": 7}}, {"model": "auth.permission", "pk": 21, "fields": {"name": "Can delete party", "codename": "delete_party", "content_type": 7}}, {"model": "auth.permission", "pk": 22, "fields": {"name": "Can add candidate", "codename": "add_candidate", "content_type": 8}}, {"model": "auth.permission", "pk": 23, "fields": {"name": "Can change candidate", "codename": "change_candidate", "content_type": 8}}, {"model": "auth.permission", "pk": 24, "fields": {"name": "Can delete candidate", "codename": "delete_candidate", "content_type": 8}}, {"model": "auth.permission", "pk": 25, "fields": {"name": "Can add issue", "codename": "add_issue", "content_type": 9}}, {"model": "auth.permission", "pk": 26, "fields": {"name": "Can change issue", "codename": "change_issue", "content_type": 9}}, {"model": "auth.permission", "pk": 27, "fields": {"name": "Can delete issue", "codename": "delete_issue", "content_type": 9}}, {"model": "auth.permission", "pk": 28, "fields": {"name": "Can add opinion", "codename": "add_opinion", "content_type": 10}}, {"model": "auth.permission", "pk": 29, "fields": {"name": "Can change opinion", "codename": "change_opinion", "content_type": 10}}, {"model": "auth.permission", "pk": 30, "fields": {"name": "Can delete opinion", "codename": "delete_opinion", "content_type": 10}}, {"model": "auth.permission", "pk": 31, "fields": {"name": "Can add charity", "codename": "add_charity", "content_type": 11}}, {"model": "auth.permission", "pk": 32, "fields": {"name": "Can change charity", "codename": "change_charity", "content_type": 11}}, {"model": "auth.permission", "pk": 33, "fields": {"name": "Can delete charity", "codename": "delete_charity", "content_type": 11}}, {"model": "auth.user", "pk": 1, "fields": {"username": "admin", "groups": [], "last_login": "2015-07-11T15:42:29.577Z", "is_active": true, "email": "tadej@tano.si", "user_permissions": [], "last_name": "", "password": "pbkdf2_sha256$20000$W9ku2Cq8GujP$/STcWrT1mQX/s/hyLflcMLPgRoIRO0UK9mrTC8mWYEU=", "first_name": "", "is_staff": true, "is_superuser": true, "date_joined": "2015-07-11T15:41:58.174Z"}}]
